Tema,Ciudad,Fecha,Número de lote,URL,Título del lote,Nombre del artista,Precio estimado,Precio de venta,URL imagen,Técnica,Tamaño,AP0,AP1,AP2,AP3,AP4,AP5,AP6,AP7,AP8,AP9
Old Masters Part I,LONDON,2 JUL 2024,LOT 1,https://www.christies.com/en/lot/lot-6490826?ldp_breadcrumb=back,"Double portrait of a married couple, half-length","GABRIEL ZEHENDER (ACTIVE BASEL, C. 1527-35)","GBP 100,000 - 150,000","GBP 352,800",https://www.christies.com/img/lotimages/2024/CKS/2024_CKS_22668_0001_000(gabriel_zehender_double_portrait_of_a_married_couple_half-length083200).jpg,oil on panel,18 ¼ x 21 ½ in. (46.3 x 54.6 cm.),"Walter Rickards, M.D., by 1888 (according to a label on the reverse), and by descent in the United Kingdom, from whom acquired by the present owner circa 2000.",,,,,,,,,
Old Masters Part I,LONDON,2 JUL 2024,LOT 2,https://www.christies.com/en/lot/lot-6490827?ldp_breadcrumb=back,Saint Jerome in his study,PIETER COECKE VAN AELST I (AALST 1502-1550 BRUSSELS),"GBP 150,000 - 200,000","GBP 680,400",https://www.christies.com/img/lotimages/2024/CKS/2024_CKS_22668_0002_000(pieter_coecke_van_aelst_i_saint_jerome_in_his_study083219).jpg,oil on panel,36 1/8 x 26 3/8 in. (91.8 x 67 cm.),"Private Collection, Holland, and by descent to the present owner.","L.R. Piovano, Turin, until before 1966.","Ugo S. Allomello, Turin, 1960.","(Possibly) Dr. Heinemann, by October 1936.",,,,,,
Old Masters Part I,LONDON,2 JUL 2024,LOT 3,https://www.christies.com/en/lot/lot-6490828?ldp_breadcrumb=back,"Portrait of Queen Elizabeth I (1533-1603), bust-length, in an embroidered red dress with white chemisette and embroidered ruff, with a jewelled chain and headdress",ATTRIBUTED TO GEORGE GOWER (LONDON C. 1538-1596),"GBP 300,000 - 500,000","GBP 907,200",https://www.christies.com/img/lotimages/2024/CKS/2024_CKS_22668_0003_000(attributed_to_george_gower_portrait_of_queen_elizabeth_i_bust-length_i083756).jpg,oil on panel,18 5/8 in. x 13 5/8 in. (47.4 x 34.6 cm.),"Alfred Morrison (1821-1897), Fonthill House, Tisbury, Wiltshire, by 1890, and by descent.","Prince Esterházy - either Nikolaus III (1817-1894) or Pal Antal Miklós (1843-1898) - from whom acquired by,","(Possibly) taken to Vienna by Thomas Radcliffe, 3rd Earl of Sussex, in 1567.",,,,,,,
Old Masters Part I,LONDON,2 JUL 2024,LOT 4,https://www.christies.com/en/lot/lot-6490829?ldp_breadcrumb=back,The Madonna of the Cherries,QUENTIN METSYS (LEUVEN 1465/6-1530 ANTWERP),"GBP 8,000,000 - 12,000,000","GBP 10,660,000",https://www.christies.com/img/lotimages/2024/CKS/2024_CKS_22668_0004_000(quentin_metsys_the_madonna_of_the_cherries083827).jpg,oil on panel,29 5/8 x 24 ¾ in. (75.3 x 62.9 cm.),"Anonymous sale [From the Château de La Muette, Paris]; Christie’s, London, 9 July 2015, lot 6, as ‘Studio of Quentin Metsys’, when acquired by the present owner.","Madame Darcy, Paris, and by descent to the following,","Amable-Charles Franquet, Comte de Franqueville (1840-1919); (†) his sale, Château de La Muette, Paris, 31 May 1920 (=1st day), lot 23, as ‘Attribué à Quentin Metsys’, when acquired for 50,000 francs by,","Peeter Stevens (c. 1590-1668), Antwerp, as ‘La Vierge de Quentin Metsys’, by whose heirs sold at ‘feu SR. Pierre Stevens, En son vivant Aumônier de la Ville d'Anvers’, Antwerp, 13 August 1668 (=1st day), lot 10, as ‘Quentin Matsijs, Une très-célèbre Pièce de la Vierge Marie’.","Cornelis de Licht (d. 1663), by whom sold shortly thereafter to,","Cornelis van der Geest (1577-1638), Antwerp, by 1615, and on display by 1628 in the Huis de Keizer, Mattenstraat, backing on to the Werf on the Scheldt, and probably by inheritance to his nephew,",,,,
Old Masters Part I,LONDON,2 JUL 2024,LOT 5,https://www.christies.com/en/lot/lot-6490830?ldp_breadcrumb=back,Saint Anthony of Padua with the Infant Christ,"MASTER OF THE LEGEND OF SAINT LUCY (ACTIVE BRUGES, C . 1470-1500)","GBP 300,000 - 500,000","GBP 504,000",https://www.christies.com/img/lotimages/2024/CKS/2024_CKS_22668_0005_000(master_of_the_legend_of_saint_lucy_saint_anthony_of_padua_with_the_inf083947).jpg,oil on panel,28 3/8 x 21 ½ in. (72.1 x 54.5 cm.),"Mrs. M.O. Peters-Wetzlar (d. 1997), Amsterdam, and by inheritance to the present owner.","Dr. Hans Wetzlar (d. 1977), Amsterdam, by 1961, and by descent to,","with P. de Boer, Amsterdam, 1961.","Private collection, Amsterdam.","Sir George Chetwynd, 4th Bt. (1849-1917), Grendon Hall, Atherton.",,,,,
Old Masters Part I,LONDON,2 JUL 2024,LOT 6,https://www.christies.com/en/lot/lot-6490831?ldp_breadcrumb=back,A triptych depicting the Betrayal of Christ,"ATTRIBUTED TO THE MONVAERNI MASTER (ACTIVE LIMOGES, C. 1461-85)","GBP 200,000 - 300,000","GBP 441,000",https://www.christies.com/img/lotimages/2024/CKS/2024_CKS_22668_0006_000(attributed_to_the_monvaerni_master_a_triptych_depicting_the_betrayal_o084008).jpg,"parcel-gilt polychrome enamel; the ﬂanking wings each with a kneeling donor ﬁgure and attendant saint, possibly associated, inscribed 'O mater dei memento mei' beneath both donors, in a gilt-copper frame and cuir-ciselé backing inscribed to the reverse 'No 44 / D.P.' and with a paper label inscribed '90'","The central panel: 7 ½ x 8 ¼ in. (19 x 21 cm.) The side panels: 7 ½ x 3 5/8 in. (19 x 9.2 cm.), each",and by descent to the present owner.,"Baron Élie Robert de Rothschild (1917-2007),",Baron Robert de Rothschild (1880-1946).,Baron Gustave de Rothschild (1829-1911).,"François-Didier Petit de Meurville dit Didier Petit (1793-1873), Lyon; his sale, Paris, 18 March 1843, lot 346.",,,,,
Old Masters Part I,LONDON,2 JUL 2024,LOT 7,https://www.christies.com/en/lot/lot-6490832?ldp_breadcrumb=back,The Madonna and Child,"MASTER OF MONTE OLIVETO (ACTIVE SIENA, C. 1305-35)","GBP 800,000 - 1,200,000","GBP 1,008,000",https://www.christies.com/img/lotimages/2024/CKS/2024_CKS_22668_0007_000(master_of_monte_oliveto_the_madonna_and_child084805).jpg,"tempera on gold ground panel, with its original painted faux porphyry reverse, in its original engaged frame",13 3/8 x 9 ½ in. (33.8 x 24.1 cm.),"Private collection, Switzerland, by circa 1968, and by descent until 2014, when acquired by the present owner.","with Luigi Bellini, Florence, by 1961 and until 1967.","Anonymous sale; Sotheby's, London, 27 April 1960, lot 146, as ‘Sienese School’.",,,,,,,
Old Masters Part I,LONDON,2 JUL 2024,LOT 8,https://www.christies.com/en/lot/lot-6490833?ldp_breadcrumb=back,The Rest on the Flight into Egypt,"TIZIANO VECELLIO, CALLED TITIAN (PIEVE DI CADORE C. 1485/90-1576 VENICE)","GBP 15,000,000 - 25,000,000","GBP 17,560,000",https://www.christies.com/img/lotimages/2024/CKS/2024_CKS_22668_0008_000(tiziano_vecellio_called_titian_the_rest_on_the_flight_into_egypt_d6490833084818).jpg,"oil on canvas, laid on panel",18 ¼ x 24 ¾ in. (46.2 x 62.9 cm.),"John Alexander Thynne, 4th Marquess of Bath (1831-1896), Longleat House, Warminster, Wiltshire, and by descent.","Hugh Andrew Johnstone Munro of Novar (1797-1864), by 1851; Christie’s, London, 1 June 1878, lot 124 (350 gns. to Colnaghi).","Joseph II, Holy Roman Emperor (1741-1790), and transferred to Belvedere Palace, by 1781 (listed in the ‘second room’), and looted by French troops in 1809 for the Musée Napoléon, when held in the church of Saint Elisabeth, Rue du Temple, Paris, and returned to Vienna in 1815.","Maria Theresa (1717-1780), Archduchess of Austria and Queen of Hungary and Bohemia (listed in the inventory of the Imperial Collection of 1772, inv. no. 918(?)), and by descent in the Habsburg collection to,","Charles VI, Holy Roman Emperor (1685-1740), Vienna, and by descent in the Habsburg collection to,","Archduke Leopold Wilhelm of Austria, Governor of the Spanish Netherlands (1614-1662), Brussels and Vienna (listed in the inventory of the Imperial Collection of 1659, inv. no. 96), recorded in the Stallburg Gallery, and by descent in the Habsburg Collection to,","Sir James Hamilton, 3rd Marquess of Hamilton and later 1st Duke of Hamilton (1606-1649), first Hereditary Keeper of the Palace of Holyroodhouse (listed in the inventory of 1649, inv. no. 22), where acquired by the following before 1651,","Bartolomeo della Nave (1571/9-1632), Venice, from whom acquired in 1638, through Basil Feilding, 2nd Earl of Denbigh (c. 1608-1675), by,",,
Old Masters Part I,LONDON,2 JUL 2024,LOT 9,https://www.christies.com/en/lot/lot-6490834?ldp_breadcrumb=back,The Triumph of Love and the Triumph of Chastity,"MASTER OF THE LANDAU FINALY TRIUMPHS (ACTIVE FLORENCE, C. 1440-60)","GBP 400,000 - 600,000","GBP 478,800",https://www.christies.com/img/lotimages/2024/CKS/2024_CKS_22668_0009_000(master_of_the_landau_finaly_triumphs_the_triumph_of_love_and_the_trium_d6490834084835).jpg,"tempera on gold ground panel, in an engaged frame",20 1/8 x 72 ¼ in. (51 x 183.5 cm.),"Private collection, and by descent.","Major-General Sir George Burns, K.C.V.O., G.B., D.S.O., O.B.E., M.C. (1911-1997); Sotheby's, London, 19 April 1967, lot 10, as 'The Master of the Adimari Cassone'.","Walter Spencer Morgan Burns (1872-1929), North Mymms Park, Hertfordshire, where displayed in the South Hall, and by descent to his son,","Sir William Neville Abdy, 2nd Bt. (1844-1910), 21 Park Square East, London, and The Elms, Newdigate; (†) his sale, Christie's, London, 5 May 1911, lot 98 (part), as 'Dello Delli', when acquired for 690 gns. by Thos. Agnew & Sons on behalf of,",,,,,,
Old Masters Part I,LONDON,2 JUL 2024,LOT 10,https://www.christies.com/en/lot/lot-6490835?ldp_breadcrumb=back,A standing man turning to the left with outstretched arms,ALESSANDRO ALLORI (FLORENCE 1535-1607),"GBP 200,000 - 300,000","GBP 239,400",https://www.christies.com/img/lotimages/2024/CKS/2024_CKS_22668_0010_000(alessandro_allori_a_standing_man_turning_to_the_left_with_outstretched_d6490835052254).jpg,black chalk on paper,16 ½ x 10 in. (42 x 25.5 cm.),"Rachel Alice Caro (1919-2013), London, by 1949, and by descent.",,,,,,,,,
Old Masters Part I,LONDON,2 JUL 2024,LOT 11,https://www.christies.com/en/lot/lot-6490836?ldp_breadcrumb=back,The Triumph of Julius Caesar,CIRCLE OF FRANCESCO DI GIORGIO MARTINI (SIENA 1439-1501),"GBP 150,000 - 200,000","GBP 327,600",https://www.christies.com/img/lotimages/2024/CKS/2024_CKS_22668_0011_000(circle_of_francesco_di_giorgio_martini_the_triumph_of_julius_caesar084904).jpg,tempera and gold on panel,17 ¾ x 55 ¼ in. (45 x 140.2 cm.),"Henry Lascelles, Viscount Lascelles, later 6th Earl of Harewood (1882-1947) for £1,650, and by descent.","with Arthur Ruck, London, where acquired on 2 February 1918 by,","Lady Henry Somerset (1851-1921), Reigate Priory, Surrey.","Charles Somers Cocks, 3rd Earl Somers (1819-1883) and by descent to his daughter,",,,,,,
Old Masters Part I,LONDON,2 JUL 2024,LOT 12,https://www.christies.com/en/lot/lot-6490837?ldp_breadcrumb=back,The Madonna suckling the infant Christ,"GIOVANNI PIETRO RIZZOLI, CALLED GIAMPIETRINO (ACTIVE MILAN, C. 1495-1550)","GBP 200,000 - 300,000","GBP 302,400",https://www.christies.com/img/lotimages/2024/CKS/2024_CKS_22668_0012_000(giovanni_pietro_rizzoli_called_giampietrino_the_madonna_suckling_the_i123234).jpg,oil on panel,26 1/8 x 20 3/8 in. (66.5 x 51.7 cm.),"Anonymous sale [Property from a Scottish Family Collection]; Sotheby's, London, 6 July 2016, lot 29, when acquired by the present owner.","with Edward Speelman and Thomas Agnew & Sons, London, where acquired by the family of the sellers at the following,","with Spink & Son, London, where acquired in January 1955 by the following,","Mimi Forde-Pigott, The Countess of Suffolk and Berkshire (1897-1966), Charlton Park, Malmesbury, Wiltshire.","Charles Henry George Howard, 20th Earl of Suffolk and 13th Earl of Berkshire (1906-1941), and by inheritance to his wife,","Henry Molyneaux Paget Howard, 19th Earl of Suffolk and 12th Earl of Berkshire (1877-1917), and by descent to his son,","Henry Charles Howard, 18th Earl of Suffolk and 11th Earl of Berkshire (1833-1898), and by descent to his son,","Charles John Howard, 17th Earl of Suffolk and 10th Earl of Berkshire (1804-1876), and by descent to his son,","Thomas Howard, 16th Earl of Suffolk and 9th Earl of Berkshire (1776-1851), and by descent to his son,","John Howard, 15th Earl of Suffolk and 8th Earl of Berkshire (1739-1820), Charlton Park, Malmesbury, Wiltshire, and by descent to his son,"
Old Masters Part I,LONDON,2 JUL 2024,LOT 13,https://www.christies.com/en/lot/lot-6490838?ldp_breadcrumb=back,"A parakeet on an upturned basket, with fruit, a pewter plate, a vase of flowers, insects, a lizard and shells on a stone ledge",BALTHASAR VAN DER AST (MIDDLEBURG 1593-1657 DELFT),"GBP 250,000 - 350,000",No vendido,https://www.christies.com/img/lotimages/2024/CKS/2024_CKS_22668_0013_000(balthasar_van_der_ast_a_macaw_on_an_upturned_basket_of_apples_a_pewter085434).jpg,oil on panel,21 5/8 x 39 ½ in. (55 x 100.4 cm.),"Anonymous sale [Property from a European Private Collection]; Sotheby's, London, 5 December 2018, lot 37, when acquired after the sale by the present owner.","Anonymous sale; Sotheby's, London, 9 July 1998, lot 40, when acquired by the following,","with Richard Green, London, by November 1989.","Anonymous sale [Collection de Monsieur G...]; Ader Picard Tajan, Paris, 14 April 1989, lot 215.","Private collection, Switzerland.","Sir Robert Bland Bird (1876-1960), 2nd Bt., Paris; (†) his sale, Palais Galliéra, Paris, 1 April 1965, lot 2 (88,600 FF).","with Eugene Slatter, London, 1946.",,,
Old Masters Part I,LONDON,2 JUL 2024,LOT 14,https://www.christies.com/en/lot/lot-6490839?ldp_breadcrumb=back,"A wooded river landscape, with figures and a cottage near a footbridge",AERT VAN DER NEER (GORINCHEM 1603-1677 AMSTERDAM),"GBP 80,000 - 120,000","GBP 63,000",https://www.christies.com/img/lotimages/2024/CKS/2024_CKS_22668_0014_001(aert_van_der_neer_a_wooded_river_landscape_with_figures_and_a_cottage_d6490839085718).jpg,oil on panel,13 3/8 x 20 1/8 in. (34 x 51.1 cm.),"Anonymous sale; Sotheby's, London, 5 July 1995, lot 45, when acquired by the present owner.","with Douwes Fine Art, Amsterdam, 1990.","Anonymous sale [The Property of a Gentleman]; Christie's, London, 28 November 1975, lot 72.","with Martin B. Asscher, London, 1941.",,,,,,
Old Masters Part I,LONDON,2 JUL 2024,LOT 15,https://www.christies.com/en/lot/lot-6490840?ldp_breadcrumb=back,The Seven Acts of Mercy,PIETER BRUEGHEL THE YOUNGER (BRUSSELS 1564-1638 ANTWERP),"GBP 700,000 - 1,000,000",No vendido,https://www.christies.com/img/lotimages/2024/CKS/2024_CKS_22668_0015_000(pieter_brueghel_the_younger_the_seven_acts_of_mercy085734).jpg,oil on panel,16 5/8 x 22 5/8 in. (42.3 x 57.4 cm.),"with Galerie de Jonckheere, Paris, by 1993, where acquired by the present owner.","Mrs W. Hooykaas-del Monte and Dr. J.C. Hooykaas, The Hague; Christie's, Amsterdam, 7 May 1992, lot 123.","Siméon del Monte (1878-1930), Brussels, and by descent to his daughter and son-in-law,","Anonymous sale; Galerie Fiévez, Brussels, 8 May 1929, lot 32 (44,000 francs).","Musée Kums, Antwerp; on the premises, 17-18 May 1898, lot 69 (2,300 fl. to Van Rilt(?)).","Gerard Bicker van Zwieten II (1687-1753), The Hague; sale on the premises, The Hague, 12 April 1741, lot 239.",,,,
Old Masters Part I,LONDON,2 JUL 2024,LOT 16,https://www.christies.com/en/lot/lot-6490841?ldp_breadcrumb=back,"The month of October, with the sign of Scorpio; The month of January, with the sign of Aquarius",JACOB GRIMMER (ANTWERP 1525-1590),"GBP 80,000 - 120,000","GBP 113,400",https://www.christies.com/img/lotimages/2024/CKS/2024_CKS_22668_0016_000(jacob_grimmer_the_month_of_october_with_the_sign_of_scorpio_the_month114143).jpg,"oil on panel, roundel",7 1/8 in. (18.1 cm.) diameter(2),"Anonymous sale; Christie's, London, 13 December 2000, lot 2, when acquired by Nikolaus and Alice Harnoncourt.","Auguste Fourcroy (1909-1988), Brussegem, Belgium, by 1963, as 'Martin van Valckenborch'.","De Vaulx collection, France.",,,,,,,
Old Masters Part I,LONDON,2 JUL 2024,LOT 17,https://www.christies.com/en/lot/lot-6490842?ldp_breadcrumb=back,"Portrait of a gentleman of the de Wolff family, possibly Joost de Wolff (1576/7-?after 1652), half-length",FRANS HALS (ANTWERP 1582/3-1666 HAARLEM),"GBP 4,000,000 - 6,000,000","GBP 5,715,000",https://www.christies.com/img/lotimages/2024/CKS/2024_CKS_22668_0017_000(frans_hals_portrait_of_a_gentleman_of_the_de_wolff_family_possibly_joo090359).jpg,oil on canvas,36 ¾ x 30 in. (93.4 x 76.2 cm.),"Weetman Dickinson Pearson, 1st Viscount Cowdray (1856-1927), by whom hung at 17 Carlton House Terrace, London, and by descent at Cowdray Park.","Sir George Alexander Drummond (1829-1910), Montreal; (†) his sale, Christie's, London, 26 June 1919, lot 182, with the sitter erroneously identified as 'Joseph Coymans', where acquired for 25,500 gns. by Thos. Agnew & Sons, London, on behalf of,","with Martin H. Colnaghi, London, by 1891.","Sir George Donaldson (1845-1925), London.","Sir Algernon Borthwick Bt., 1st Baron Glenesk (1830-1908).",,,,,
Old Masters Part I,LONDON,2 JUL 2024,LOT 20,https://www.christies.com/en/lot/lot-6490845?ldp_breadcrumb=back,"Portrait of Barbara Villiers, Countess of Castlemaine and later Duchess of Cleveland (1640-1709), full-length, seated in a silver dress and blue drapery, a landscape beyond","SIR PETER LELY (SOEST, WESTPHALIA 1618-1680 LONDON) AND STUDIO","GBP 120,000 - 180,000","GBP 567,000",https://www.christies.com/img/lotimages/2024/CKS/2024_CKS_22668_0020_000(sir_peter_lely_and_studio_portrait_of_barbara_villiers_countess_of_cas091151).jpg,oil on canvas,71 x 56 in. (180.4 x 142.2 cm.),"James Duff, 2nd Earl of Fife in the peerage of Ireland (1729-1809), by 1798, and by descent until 1962, when acquired by the family of the present owner.",,,,,,,,,
Old Masters Part I,LONDON,2 JUL 2024,LOT 21,https://www.christies.com/en/lot/lot-6490846?ldp_breadcrumb=back,Mares and Foals in an extensive landscape,"GEORGE STUBBS, A.R.A. (LIVERPOOL 1724-1806 LONDON)","GBP 7,000,000 - 10,000,000",No vendido,https://www.christies.com/img/lotimages/2024/CKS/2024_CKS_22668_0021_000(george_stubbs_ara_mares_and_foals_in_an_extensive_landscape091609).jpg,oil on canvas,72 5/8 x 107 7/8 in. (184.5 x 274 cm.),"Private collection, Illinois, and by descent to the present owners.","Mr. and Mrs. Jack R. Dick, Connecticut; their sale, Sotheby’s, London, 28 April 1976, lot 187, when acquired by the following,","with Ackermann, London.","Brigadier C.E. Tryon-Wilson (1909-2001), Dallam Tower, Milnthorpe, Westmorland.","Sir Maurice Bromley-Wilson, Bt. (1875-1957), Dallam Tower, Milnthorpe, Westmorland, and by inheritance to his nephew,","Lt.-Col. George Smyth (1782-1853), who married, in 1811, Sarah Wilson (d. 1831), daughter of Daniel Wilson (1680-1754), M.P., of Dallam Tower, Milnthorpe, Westmorland, and by descent at Dallam to,","[Although possibly commissioned by John Smyth, and by descent to his son,]","Lady Georgiana FitzRoy (1757-1799), who married, on 4 June 1778, The Rt. Hon. John Smyth (1748-1811), M.P., of Heath Hall, Wakefield, and presumably by descent to their son,","Probably Augustus FitzRoy, 3rd Duke of Grafton (1735-1811), Euston Hall, Suffolk, presumably by whom given to his daughter,",
Old Masters Part I,LONDON,2 JUL 2024,LOT 22,https://www.christies.com/en/lot/lot-6490847?ldp_breadcrumb=back,"The Hon. Peniston Lamb (1770-1805), with his horse Assassin and his dog Tanner",BENJAMIN MARSHALL (SEAGRAVE 1768-1835 LONDON),"GBP 150,000 - 250,000",No vendido,https://www.christies.com/img/lotimages/2024/CKS/2024_CKS_22668_0022_000(benjamin_marshall_the_hon_peniston_lamb_with_his_horse_assassin_and_hi_d6490847091916).jpg,oil on canvas,30 ¾ x 38 ½ in. (78 x 97.6 cm.),"Ethel, Lady Desborough (1867-1952), and by descent.","Emily, Lady Cowper (1787-1869), wife of Peter, 5th Earl Cowper (1778-1837), Brocket Hall, and moved to Panshanger House, Hertfordshire, in 1869, and by descent to,","William, 2nd Viscount Melbourne (1779-1848), and by inheritance to his sister,","(Presumably) Commissioned by the sitter or his parents, Peniston Lamb, 1st Viscount Melbourne (1748-1828) and Elizabeth, Viscountess Melbourne (1749-1818), Brocket Hall, Hertfordshire and Melbourne House, London, and by descent to their son,",,,,,,
Old Masters Part I,LONDON,2 JUL 2024,LOT 23,https://www.christies.com/en/lot/lot-6490848?ldp_breadcrumb=back,"The Rialto, Venice",RICHARD PARKES BONINGTON (ARNOLD 1802-1828 LONDON),"GBP 2,500,000 - 3,500,000","GBP 2,944,000",https://www.christies.com/img/lotimages/2024/CKS/2024_CKS_22668_0023_000(richard_parkes_bonington_the_rialto_venice092833).jpg,oil on millboard,13 7/8 x 17 ¾ in (35.3 x 45.2 cm),"Anonymous sale [The Property of a Gentleman]; Sotheby's, London, 16 November 1988, lot 102, when acquired by the present owner.","with Alex Reid and Lefèvre, London, by 1983.","Anonymous sale [The Property of a Gentleman]; Christie's, London, 21 November 1980, lot 125.","D. Hellings, Buckinghamshire.","with Arthur Tooth & Sons, London, by 1966.","Thos. Neck, 39 Albemarle Street, London; Christie's, London, 26 April 1884, lot 125.","If the latter, then Sir Henry Webb, 7th Bt. (1806-1874); his sale, Paillet-Bonnefons, Paris, 23-24 May 1837, lot 16, 'Le pont de Rialto', or lot 20, 'La vue du pont de Rialto et des maisons qui bordent le canal'.","(Possibly one of the following) Bonington sale (†); Sotheby and Son, London, 29-30 June 1829, lot 105, 'View of the Rialto at Venice, Framed', acquired by Lord Townshend; or lot 214, 'Bridge of Rialto', acquired by Molteno; or lot 216, 'The Rialto', acquired by Barnet; or Bonington sale (†); Christie's, London, 24 May 1834 (=2nd day), lot 145, 'View of the Rialto at Venice, with vessels, gondolas, and figures - a beautifully clear picture', acquired by Webb.",Probably sold in one of the artist's posthumous studio sales;,
Old Masters Part I,LONDON,2 JUL 2024,LOT 24,https://www.christies.com/en/lot/lot-6490849?ldp_breadcrumb=back,"Naples, a view of the Riviera di Chiaia, from the north-west, with Vesuvius beyond; and Naples, from the south-east, with the Castel Nuovo",ANTONIO JOLI (MODENA 1700-1777 NAPLES),"GBP 250,000 - 350,000","GBP 226,800",https://www.christies.com/img/lotimages/2024/CKS/2024_CKS_22668_0024_000(antonio_joli_naples_a_view_of_the_riviera_di_chiaia_from_the_north-wes123246).jpg,oil on canvas,"29 ¾ x 49 3/8 in. (73.7 x 125.5 cm.), each(2)",Acquired by the father of the present owner circa 1991.,"with Galleria Gasparrini, Rome.","with C. Sestieri, Rome, before 1968.",,,,,,,
Old Masters Part I,LONDON,2 JUL 2024,LOT 25,https://www.christies.com/en/lot/lot-6490850?ldp_breadcrumb=back,"Venice, the Piazzetta looking north-west towards the Campanile, with the Biblioteca, the Procuratie Vecchie and the Torre dell'Orologio",JOHANN RICHTER (STOCKHOLM 1665-1745 VENICE),"GBP 250,000 - 350,000","GBP 277,200",https://www.christies.com/img/lotimages/2024/CKS/2024_CKS_22668_0025_000(johann_richter_venice_the_piazzetta_looking_north-west_towards_the_cam092925).jpg,oil on canvas,48 1/8 x 63 ½ in. (122.3 x 161.3 cm.),"J.E. Safra (b. 1940); Sotheby's, London, 5 July 2017, lot 22, when acquired by the present owner.","Anonymous sale [The Property of a Gentleman]; Christie's, London, 24 May 1991, lot 73, as 'Luca Carlevarijs', when acquired for £451,000 by,","Anonymous sale; Sotheby's, London, 16 July 1980, lot 130, as 'Luca Carlevarijs'.","Private collection, Switzerland, by June 1978.","with Colnaghi, London, 1974.","Anonymous sale [The Property of an American Institution]; Sotheby's, London, 26 March 1969, lot 22, as 'Luca Carlevarijs' (£12,000 to Marshall).","The Cooper Union Museum (now the Cooper Hewitt Museum), New York, by whom sold,","Annie Cottenet Schermerhorn (1857-1926), wife of John Innes Kane (1850-1913), by whom bequeathed to the following in 1926,",,
Old Masters Part I,LONDON,2 JUL 2024,LOT 26,https://www.christies.com/en/lot/lot-6490851?ldp_breadcrumb=back,"Venice, the Piazzetta looking south from the Basilica di San Marco with the Biblioteca and a crowd gathered to watch a Commedia dell'arte performance",JOHANN RICHTER (STOCKHOLM 1665-1745 VENICE),"GBP 250,000 - 350,000","GBP 226,800",https://www.christies.com/img/lotimages/2024/CKS/2024_CKS_22668_0026_000(johann_richter_venice_the_piazzetta_looking_south_from_the_basilica_di092949).jpg,oil on canvas,48 1/8 x 63 ½ in. (122.3 x 161.3 cm.),"J.E. Safra (b. 1940); Sotheby's, London, 5 July 2017, lot 23, when acquired by the present owner.","Anonymous sale [The Property of a Gentleman]; Christie's, London, 24 May 1991, lot 74, as 'Luca Carlevarijs', when acquired for £451,000 by,","Anonymous sale; Sotheby's, London, 16 July 1980, lot 129, as 'Luca Carlevarijs'.","Private collection, Switzerland, by June 1978.","with Colnaghi, London, 1974.","Anonymous sale [The Property of an American Institution]; Sotheby's, London, 26 March 1969, lot 23, as 'Luca Carlevaris', (£15,000 to Marshall).","The Cooper Union Museum (now the Cooper Hewitt Museum), New York, by whom sold at the following,","Annie Cottenet Schermerhorn (1857-1926), wife of John Innes Kane (1850-1913), by whom bequeathed to the following in 1926,",,
British and European Art,LONDON,4 JUN 2024,LOT 1,https://www.christies.com/en/lot/lot-6486197?ldp_breadcrumb=back,"Rio Della Guerra, Venice","JOSEPH EDWARD SOUTHALL, R.W.S. (BRITISH, 1861-1944)","GBP 12,000 - 18,000",No vendido,https://www.christies.com/img/lotimages/2024/CKS/2024_CKS_22681_0001_000(joseph_edward_southall_rws_rio_della_guerra_venice120020).jpg,"pencil and watercolour, heightened with touches of white on paper",14 ½ x 7 ¾ in. (36.8 x 19.7 cm.),"with The Fine Art Society, London, 2009, where acquired by the present owner.",,,,,,,,,
British and European Art,LONDON,4 JUN 2024,LOT 2,https://www.christies.com/en/lot/lot-6486198?ldp_breadcrumb=back,"The Mill Cottage, Harlech, North Wales","JOSEPH EDWARD SOUTHALL, R.W.S. (BRITISH, 1861-1944)","GBP 3,000 - 5,000","GBP 4,032",https://www.christies.com/img/lotimages/2024/CKS/2024_CKS_22681_0002_000(joseph_edward_southall_rws_the_mill_cottage_harlech_north_wales120036).jpg,"pencil and watercolour, heightened with touches of bodycolour on paper",7 ¾ x 6 ½ in. (19.7 x 16.5 cm.),J. Knewstub.,,,,,,,,,
British and European Art,LONDON,4 JUN 2024,LOT 3,https://www.christies.com/en/lot/lot-6486782?ldp_breadcrumb=back,"Self-portrait, bust-length, wearing a fez","JOSEPH EDWARD SOUTHALL, R.W.S. (BRITISH, 1861-1944)","GBP 1,500 - 2,500","GBP 8,820",https://www.christies.com/img/lotimages/2024/CKS/2024_CKS_22681_0003_000(joseph_edward_southall_rws_self-portrait_bust-length_wearing_a_fez120104).jpg,pencil on paper,12 7/8 x 8 ¾ in. (32.8 x 22 cm.),"Lyndon Goodwin Harris; Christie's, London, 24 January 2007, lot 192 (part).",,,,,,,,,
British and European Art,LONDON,4 JUN 2024,LOT 4,https://www.christies.com/en/lot/lot-6486203?ldp_breadcrumb=back,"Fisherman with a bucket, Southwold","JOSEPH EDWARD SOUTHALL, R.W.S. (BRITISH, 1861-1944)","GBP 1,500 - 2,500","GBP 2,772",https://www.christies.com/img/lotimages/2024/CKS/2024_CKS_22681_0004_000(joseph_edward_southall_rws_fisherman_with_a_bucket_southwold120125).jpg,pencil and coloured chalk on brown paper,12 x 9 in. (30.5 x 23 cm.),"with The Fine Art Society, London, 2005, where acquired by the present owner.",John Gere.,,,,,,,,
British and European Art,LONDON,4 JUN 2024,LOT 5,https://www.christies.com/en/lot/lot-6486204?ldp_breadcrumb=back,The Birth of the Rose,"ELEANOR FORTESCUE BRICKDALE, R.W.S. (BRITISH, 1872-1945)","GBP 5,000 - 8,000","GBP 13,860",https://www.christies.com/img/lotimages/2024/CKS/2024_CKS_22681_0005_000(eleanor_fortescue_brickdale_rws_the_birth_of_the_rose120140).jpg,"pencil and watercolour, heightened with bodycolour within a black-line border on artist's board",14 ¾ x 10 ½ in. (37.4 x 26.7 cm.),"with Frost and Reed, London, where acquired, and by descent in the family to the present owner.","The artist, by whom gifted to her aunt.",,,,,,,,
British and European Art,LONDON,4 JUN 2024,LOT 6,https://www.christies.com/en/lot/lot-6486205?ldp_breadcrumb=back,The Sleeping Beauty,"HENRY MEYNELL RHEAM (BRITISH, 1859-1920)","GBP 60,000 - 100,000","GBP 63,000",https://www.christies.com/img/lotimages/2024/CKS/2024_CKS_22681_0006_000(henry_meynell_rheam_the_sleeping_beauty120158).jpg,pencil and watercolour with bodycolour on paper,29 7/8 x 48 in. (75.6 x 121.9 cm.),"Anonymous sale; Christie's, London, 7 November 1997, lot 36 when acquired by the late owner.","with W.H. Embleton, London.",,,,,,,,
British and European Art,LONDON,4 JUN 2024,LOT 7,https://www.christies.com/en/lot/lot-6486207?ldp_breadcrumb=back,The Crystal,"HENRY MEYNELL RHEAM (BRITISH, 1859-1920)","GBP 3,000 - 5,000","GBP 3,276",https://www.christies.com/img/lotimages/2024/CKS/2024_CKS_22681_0007_000(henry_meynell_rheam_the_crystal120220).jpg,pencil and watercolour with gum arabic on artist's board,20 ¾ x 13 ¾ in. (52.7 x 35 cm.),,,,,,,,,,
British and European Art,LONDON,4 JUN 2024,LOT 8,https://www.christies.com/en/lot/lot-6486208?ldp_breadcrumb=back,Afternoon in the Colonna Garden,"MARIE SPARTALI STILLMAN (BRITISH, 1844-1927)","GBP 7,000 - 10,000","GBP 9,450",https://www.christies.com/img/lotimages/2024/CKS/2024_CKS_22681_0008_000(marie_spartali_stillman_afternoon_in_the_colonna_garden120237).jpg,"pencil, watercolour and bodycolour on paper, unframed",22 x 15 in. (55.9 x 38.1 cm.),,,,,,,,,,
British and European Art,LONDON,4 JUN 2024,LOT 9,https://www.christies.com/en/lot/lot-6486209?ldp_breadcrumb=back,A male figure dressed in orange holding a palm; and A female figure dressed in blue holding a palm,"CHARLES FAIRFAX MURRAY (BRITISH, 1849-1919)","GBP 10,000 - 15,000",No vendido,https://www.christies.com/img/lotimages/2024/CKS/2024_CKS_22681_0009_000(charles_fairfax_murray_a_male_figure_dressed_in_orange_holding_a_palm120248).jpg,oil on panel,13 ½ x 7 ½ in. (34.3 x 19 cm.)(2),"with The Maas Gallery, London, 2005, no. 14375, as 'Standing Allegorical Figure (Man)', and no. 14376, as 'Standing Allegorical Figure (Woman)', where acquired by the present owner.","with J.S. Maas & Co., London, 1977, as 'Mythological Figure'.","John Stafford, from whom acquired by J.S. Maas.",,,,,,,
British and European Art,LONDON,4 JUN 2024,LOT 10,https://www.christies.com/en/lot/lot-6486210?ldp_breadcrumb=back,The Maid and the Unicorn,"EDMUND DULAC (BRITISH, 1882-1953)","GBP 15,000 - 25,000","GBP 17,640",https://www.christies.com/img/lotimages/2024/CKS/2024_CKS_22681_0010_000(edmund_dulac_the_maid_and_the_unicorn120329).jpg,"pencil, watercolour and bodycolour within a blue wash border, on artist's board",13 1/8 x 12 1/8 in. (33.4 x 30.9 cm.),"The artist, by whom gifted to Alice Brandon-Davies, London, and then by descent in the family to the present owner.",,,,,,,,,
British and European Art,LONDON,4 JUN 2024,LOT 11,https://www.christies.com/en/lot/lot-6486216?ldp_breadcrumb=back,Arbuscula,"AUBREY VINCENT BEARDSLEY (BRITISH, 1872-1898)","GBP 40,000 - 60,000",No vendido,https://www.christies.com/img/lotimages/2024/CKS/2024_CKS_22681_0011_000(aubrey_vincent_beardsley_arbuscula120349).jpg,"pencil, pen and black ink with black and wash on paper",5 3/8 x 4 1/8 in. (13.7 x 10.5 cm.); and with a slight subsidary sketch (on the reverse),"Anonymous sale; Christie's, New York, 4 December 2018, lot 84, when acquired by the present owner.","Anonymous sale; Sotheby's, London, 2 November 1995, lot 483 (sold to Dr Boris I. Stavroski).","Brian Reade, bequeathed to Margaret (Mrs Brian) Reade.","Anonymous sale; Sotheby's, London, 1 May 1968, lot 12 (sold to Brian Reade).",Mrs Phyllis.J. Mayer.,"Annie (Mrs John) Lane; Anderson Galleries, 22 November 1926, lot 57.","Bought John Lane by 1904, bequeathed to",More Adey by 1903.,"Commissioned by William Heinemann, 1897.",
British and European Art,LONDON,4 JUN 2024,LOT 12,https://www.christies.com/en/lot/lot-6486217?ldp_breadcrumb=back,"A set of four tracery designs for Albion Congregational Church, Ashton-under-Lyne, Lancashire","SIR EDWARD COLEY BURNE-JONES, BT., A.R.A., R.W.S. (BRITISH, 1833-1898)","GBP 20,000 - 30,000",No vendido,https://www.christies.com/img/lotimages/2024/CKS/2024_CKS_22681_0012_000(sir_edward_coley_burne-jones_bt_ara_rws_a_set_of_four_tracery_designs120406).jpg,"one pencil and black, white and blue chalk, three with yellow chalk, all on brown paper, laid down on linen, unframed","one 54 ½ x 47 ¾ in. (138.4 x 121.3 cm.), one 54 ¾ x 33 ¼ in. (139.1 x 84.6 cm.) two slightly smaller(4)",Brinsley Ford (L. 936g).,,,,,,,,,
British and European Art,LONDON,4 JUN 2024,LOT 13,https://www.christies.com/en/lot/lot-6486218?ldp_breadcrumb=back,"Study of a female figure, bust-length","SIMEON SOLOMON (BRITISH, 1840-1905)","GBP 10,000 - 15,000","GBP 16,380",https://www.christies.com/img/lotimages/2024/CKS/2024_CKS_22681_0013_000(simeon_solomon_study_of_a_female_figure_bust-length120450).jpg,red and white chalk on light grey paper,18 ½ x 14 7/8 in. (47.2 x 37.7 cm.),Robert Rudolf.,Denise Gross by whom given to,"Rosie Gross, née Salaman and by descent to",,,,,,,
British and European Art,LONDON,4 JUN 2024,LOT 14,https://www.christies.com/en/lot/lot-6486219?ldp_breadcrumb=back,Study for 'Chaucer's Dream of Good Women',"SIR EDWARD COLEY BURNE-JONES, BT., A.R.A., R.W.S. (BRITISH, 1833-1898)","GBP 7,000 - 10,000","GBP 13,860",https://www.christies.com/img/lotimages/2024/CKS/2024_CKS_22681_0014_000(sir_edward_coley_burne-jones_bt_ara_rws_study_for_chaucers_dream_of_go120510).jpg,black chalk on paper,8 7/8 x 7 ¾ in. (22.5 x 19.7 cm.),"Anonymous sale; Christie's, London, 5 June 2007, lot 105.","P. Robinson, Esq.","with The Piccadilly Gallery, London, 1970.",,,,,,,
British and European Art,LONDON,4 JUN 2024,LOT 15,https://www.christies.com/en/lot/lot-6486220?ldp_breadcrumb=back,"Portrait of Mrs Charles Howell, half-length","DANTE GABRIEL ROSSETTI (BRITISH, 1828-1882)","GBP 500,000 - 800,000",No vendido,https://www.christies.com/img/lotimages/2024/CKS/2024_CKS_22681_0015_000(dante_gabriel_rossetti_portrait_of_mrs_charles_howell_half-length120530).jpg,"pencil, red, black and white chalk on two joined sheets of paper",36 ½ x 26 ½ in. (92.7 x 67.4 cm.),"Private Collection, Switzerland.","Anonymous sale; Sotheby's, London, 21 June 1988, lot 43.",Commander P. Monck and by descent until,"Major C.S. Goldman and by descent to his son,","with Agnew's, London.","John Bibby (†); Christie's, London, 3 June 1899, lot 40, as 'Monna Vanna (Mrs. Howell)' (sold 55 gns to Agnew's).","C.A. Howell (†); Christie's, London, 15 November 1890, lot 409, as 'Monna Vanna (Mrs. Howell)' (sold 35 gns to John Bibby).",Charles Augustus Howell.,,
British and European Art,LONDON,4 JUN 2024,LOT 16,https://www.christies.com/en/lot/lot-6486221?ldp_breadcrumb=back,"Study of a female head, seen from behind","SIR WILLIAM BLAKE RICHMOND, R.A. (BRITISH 1842-1921)","GBP 3,000 - 5,000",No vendido,https://www.christies.com/img/lotimages/2024/CKS/2024_CKS_22681_0016_000(sir_william_blake_richmond_ra_study_of_a_female_head_seen_from_behind120547).jpg,"black, white and sanguine chalk on buff oatmeal paper",14 x 10 7/8 in. (35.5 x 27.8 cm.),"Gaetono Meo, and by descent to the present owner.","The artist, by whom given to",,,,,,,,
British and European Art,LONDON,4 JUN 2024,LOT 17,https://www.christies.com/en/lot/lot-6486785?ldp_breadcrumb=back,Autumn landscape,"BROR LINDH (SWEDISH, 1877-1941)","GBP 4,000 - 6,000","GBP 11,970",https://www.christies.com/img/lotimages/2024/CKS/2024_CKS_22681_0017_000(bror_lindh_autumn_landscape120606).jpg,oil on canvas,28 5/8 x 31 ½ in. (73 x 80 cm.),"Anonymous sale; Sotheby's, London, 23 March 1988, when acquired by the present owner.",,,,,,,,,
British and European Art,LONDON,4 JUN 2024,LOT 18,https://www.christies.com/en/lot/lot-6486228?ldp_breadcrumb=back,Interior,"SIGMUND WALTER HAMPEL (AUSTRIAN, 1868-1949)","GBP 12,000 - 18,000",No vendido,https://www.christies.com/img/lotimages/2024/CKS/2024_CKS_22681_0018_000(sigmund_walter_hampel_interior_d6486228120627).jpg,oil on canvas,51 ¼ x 39 ½ in. (131 x 100 cm.),"with Peter Nahum, London, where acquired by the present owner.","James Wormser, London, by 1986.",,,,,,,,
British and European Art,LONDON,4 JUN 2024,LOT 19,https://www.christies.com/en/lot/lot-6486786?ldp_breadcrumb=back,Waiting for the train (Naar Toget ventes),"LAURITS ANDERSEN RING (DANISH, 1854-1933)","GBP 18,000 - 20,000","GBP 2,772",https://www.christies.com/img/lotimages/2024/CKS/2024_CKS_22681_0019_000(laurits_andersen_ring_waiting_for_the_train_d6486786120649).jpg,oil on canvas,12 ¼ x 15 ¾ in. (31 x 40 cm.),"Anonymous sale; Museumsbygningen, Copenhagen, 5 March 1998, lot 23, when acquired by the present owners.",,,,,,,,,
British and European Art,LONDON,4 JUN 2024,LOT 20,https://www.christies.com/en/lot/lot-6486237?ldp_breadcrumb=back,Girl in an interior,"SIGMUND WALTER HAMPEL (AUSTRIAN, 1868-1949)","GBP 12,000 - 18,000","GBP 27,720",https://www.christies.com/img/lotimages/2024/CKS/2024_CKS_22681_0020_000(sigmund_walter_hampel_girl_in_an_interior120708).jpg,oil on canvas,67 1/8 x 47 3/8 in. (170.5 x 120.5 cm.),,,,,,,,,,
British and European Art,LONDON,4 JUN 2024,LOT 21,https://www.christies.com/en/lot/lot-6486244?ldp_breadcrumb=back,"A street scene, Copenhagen","PAUL FISCHER (DANISH, 18601934)","GBP 40,000 - 60,000",No vendido,https://www.christies.com/img/lotimages/2024/CKS/2024_CKS_22681_0021_000(paul_fischer_a_street_scene_copenhagen120726).jpg,oil on canvas,22¼ x 29¼ in. (56.5 x 74.3 cm.),"Lord and Lady White of Hull; Chrisite's, New York, 30 April 1997, lot 132, when acquired by the present owner.",,,,,,,,,
British and European Art,LONDON,4 JUN 2024,LOT 22,https://www.christies.com/en/lot/lot-6486245?ldp_breadcrumb=back,"Portrait of Yvonne MacDonald, née Norton-Bell","GERALD LESLIE BROCKHURST, R.A. (BRITISH, 1890-1978)","GBP 30,000 - 50,000","GBP 46,620",https://www.christies.com/img/lotimages/2024/CKS/2024_CKS_22681_0022_000(gerald_leslie_brockhurst_ra_portrait_of_yvonne_macdonald_nee_norton-be120745).jpg,oil on canvas,30 1/8 x 25 in. (76.5 x 63.5 cm.),"The sitter, and by descent to the present owner.",,,,,,,,,
British and European Art,LONDON,4 JUN 2024,LOT 23,https://www.christies.com/en/lot/lot-6486246?ldp_breadcrumb=back,"Madeleine Carroll (1906-1987), in a white evening gown, possibly by Fortuny, c. 1931","SIR HERBERT JAMES GUNN, R.A. (BRITISH, 1893-1964)","GBP 18,000 - 25,000","GBP 21,420",https://www.christies.com/img/lotimages/2024/CKS/2024_CKS_22681_0023_000(sir_herbert_james_gunn_ra_madeleine_carroll_in_a_white_evening_gown_po120804).jpg,oil on canvas,50 x 38 in. (127 x 95.5 cm.),"Anonymous sale; Balclis, Barcelona, 16 December 2022, lot 550, when acquired by the present owner.","Ana Ponsatí (her lady-in-waiting), and by descent.","Mrs Philip Astley, (née Madeleine Carroll), until 1987, by whom given to",,,,,,,
British and European Art,LONDON,4 JUN 2024,LOT 24,https://www.christies.com/en/lot/lot-6486248?ldp_breadcrumb=back,"The Duchess of Roxburghe, Mary Innes-Ker (1915-2014)","SIR OSWALD BIRLEY, R.A. (BRITISH, 1880-1952)","GBP 10,000 - 15,000","GBP 17,640",https://www.christies.com/img/lotimages/2024/CKS/2024_CKS_22681_0024_000(sir_oswald_birley_ra_the_duchess_of_roxburghe_mary_innes-ker120821).jpg,oil on canvas,43 ½ x 35 ½ in. (110.5 x 90.2 cm.),"The Duchess: Precious Objects and Property from the Estate of Mary, Duchess of Roxburghe; Sotheby’s, London, 27 May 2015, lot 229, when acquired by the present owner.",,,,,,,,,
British and European Art,LONDON,4 JUN 2024,LOT 25,https://www.christies.com/en/lot/lot-6486249?ldp_breadcrumb=back,Le galop dessai,"VITTORIO MATTEO CORCOS (ITALIAN, 1859-1933)","GBP 50,000 - 70,000","GBP 94,500",https://www.christies.com/img/lotimages/2024/CKS/2024_CKS_22681_0025_000(vittorio_matteo_corcos_le_galop_d8217essai_d6486249120840).jpg,oil on canvas,28 ¾ x 13 ¾ in. (73.2 x 35 cm.),"Property of a Private European Collection for 3 generations, until 2024.",,,,,,,,,
British and European Art,LONDON,4 JUN 2024,LOT 26,https://www.christies.com/en/lot/lot-6486250?ldp_breadcrumb=back,A Grey Hunter in an Extensive Landscape (recto); A Study for an Extensive Landscape (verso),"SIR ALFRED JAMES MUNNINGS, P.R.A., R.W.S. (BRITISH, 1878-1959)","GBP 60,000 - 80,000","GBP 69,300",https://www.christies.com/img/lotimages/2024/CKS/2024_CKS_22681_0026_000(sir_alfred_james_munnings_pra_rws_a_grey_hunter_in_an_extensive_landsc_d6486250120854).jpg,oil on canvas,19 7/8 x 24 in. (50.5 x 61 cm.),"Anonymous sale; Christie’s, New York, 4 June 1982, lot 252.",,,,,,,,,
British and European Art,LONDON,4 JUN 2024,LOT 27,https://www.christies.com/en/lot/lot-6486251?ldp_breadcrumb=back,"H.R.H. The Princess Royal on 'Portumna', and the Earl of Harewood, Master of the Bramham Moor Hunt, on 'Tommy'","SIR ALFRED JAMES MUNNINGS, P.R.A., R.W.S. (BRITISH, 1878-1959)","GBP 800,000 - 1,200,000",No vendido,https://www.christies.com/img/lotimages/2024/CKS/2024_CKS_22681_0027_000(sir_alfred_james_munnings_pra_rws_hrh_the_princess_royal_on_portumna_a_d6486251120915).jpg,oil on canvas,41 ½ x 56 in. (105.5 x 142.3 cm.),"Commissioned by Henry Lascelles, 6th Earl of Harewood (1882-1947), and by descent in the family.",,,,,,,,,
British and European Art,LONDON,4 JUN 2024,LOT 28,https://www.christies.com/en/lot/lot-6486254?ldp_breadcrumb=back,"Hall of the Grand Council, Doge's Palace, Venice","JOHN SINGER SARGENT, R.A. (AMERICAN, 1856-1925)","GBP 400,000 - 600,000","GBP 504,000",https://www.christies.com/img/lotimages/2024/CKS/2024_CKS_22681_0028_000(john_singer_sargent_ra_hall_of_the_grand_council_doges_palace_venice120933).jpg,oil on canvas,20 ¼ x 28 in. (51.5 x 71.1 cm.),"Henry Lascelles, 6th Earl of Harewood (1882-1947), by 1925, and by descent in the family.","Mrs Robert Mathias (Ena Wertheimer), from whom purchased by","Possibly, given by the artist to",,,,,,,
British and European Art,LONDON,4 JUN 2024,LOT 29,https://www.christies.com/en/lot/lot-6486787?ldp_breadcrumb=back,The Bay of Cadiz - Moonlight,"FREDERIC, LORD LEIGHTON, P.R.A. (BRITISH, 1830-1896)","GBP 20,000 - 30,000","GBP 32,760",https://www.christies.com/img/lotimages/2024/CKS/2024_CKS_22681_0029_000(frederic_lord_leighton_pra_the_bay_of_cadiz_-_moonlight120951).jpg,oil on canvas,8 1/8 x 11 ½ in. (20.5 x 29 cm.),"Anonymous sale; Christie's, London, 8 November 1996, lot 53, when acquired by the present owner.","The artist's studio sale; Christie's, London, 11 July 1896, part lot 177 (13 gns to Wickham Flower).",,,,,,,,
British and European Art,LONDON,4 JUN 2024,LOT 30,https://www.christies.com/en/lot/lot-6486258?ldp_breadcrumb=back,"Portrait of Nicolas Ionides (1815-1873), half-length, in Greek costume","GEORGE FREDERIC WATTS, O.M., R.A. (BRITISH, 1817-1904)","GBP 20,000 - 30,000","GBP 35,280",https://www.christies.com/img/lotimages/2024/CKS/2024_CKS_22681_0030_000(george_frederic_watts_om_ra_portrait_of_nicolas_ionides_half-length_in_d6486258121009).jpg,oil on canvas,36 ½ x 28 in. (93 x 71 cm.),"Commissioned by the Ionides family, and by descent.",,,,,,,,,
British and European Art,LONDON,4 JUN 2024,LOT 31,https://www.christies.com/en/lot/lot-6486266?ldp_breadcrumb=back,"The Grand Canal, Venice","RUBENS SANTORO (ITALIAN, 1859-1942)","GBP 50,000 - 70,000","GBP 50,400",https://www.christies.com/img/lotimages/2024/CKS/2024_CKS_22681_0031_000(rubens_santoro_the_grand_canal_venice_d6486266121028).jpg,oil on canvas,14 ¾ x 20 in. (37.5 x 50.6 cm.),"with Richard Green, London, 2001, where acquired by the parents of the present owner.","Anonymous sale; Christie's, Rome, 4 June 2001, lot 793.",,,,,,,,
British and European Art,LONDON,4 JUN 2024,LOT 32,https://www.christies.com/en/lot/lot-6486267?ldp_breadcrumb=back,Conversazione,"FEDERICO ZANDOMENEGHI (ITALIAN, 1841-1917)","GBP 230,000 - 270,000",No vendido,https://www.christies.com/img/lotimages/2024/CKS/2024_CKS_22681_0032_000(federico_zandomeneghi_conversazione_d6486267121046).jpg,oil on canvas,21 ¼ x 25 5/8 in. (54 x 65 cm.),"with Gallerie Sacerdoti, Milan, until 3 December 1965, where acquired by the present owner.","with Luigi Vernocchi, Milan.","with Angelo Sommaruga, Paris.","with Galerie Durand-Ruel, Paris, no. 9618, photo no. 7014, as Causerie.",,,,,,
British and European Art,LONDON,4 JUN 2024,LOT 33,https://www.christies.com/en/lot/lot-6486270?ldp_breadcrumb=back,Embarquement sur le Môle,"FÉLIX ZIEM (FRENCH, 1821-1911)","GBP 20,000 - 40,000","GBP 12,600",https://www.christies.com/img/lotimages/2024/CKS/2024_CKS_22681_0033_000(felix_ziem_embarquement_sur_le_mole_d6486270121107).jpg,oil on canvas,32 3/8 x 51 5/8 in. (82.1 x 131 cm.),"Private Collection, Germany, and by descent to the present owner.",,,,,,,,,
British and European Art,LONDON,4 JUN 2024,LOT 34,https://www.christies.com/en/lot/lot-6486789?ldp_breadcrumb=back,Le repos,"FEDERICO ZANDOMENEGHI (ITALIAN, 1841-1917)","GBP 70,000 - 100,000","GBP 75,600",https://www.christies.com/img/lotimages/2024/CKS/2024_CKS_22681_0034_000(federico_zandomeneghi_le_repos121123).jpg,pastel on board,12 3/8 x 17 ¾ in. (31.5 x 45 cm.),"Acquired from the artist by Galerie Durand-Ruel, Paris (no. 2973).",,,,,,,,,
British and European Art,LONDON,4 JUN 2024,LOT 35,https://www.christies.com/en/lot/lot-6486278?ldp_breadcrumb=back,Effetto di Neve,"CESARE MAGGI (ITALIAN, 1881-1961)","GBP 15,000 - 25,000","GBP 12,600",https://www.christies.com/img/lotimages/2024/CKS/2024_CKS_22681_0035_000(cesare_maggi_effetto_di_neve121149).jpg,oil on panel,10 ¼ x 11 in. (26 x 28 cm.),"Anonymous sale; Dorotheum, Vienna, 21 April 2016, lot 1161, when acquired by the present owner.",,,,,,,,,
British and European Art,LONDON,4 JUN 2024,LOT 36,https://www.christies.com/en/lot/lot-6486280?ldp_breadcrumb=back,Profilo di Donna,"FEDERICO ZANDOMENEGHI (ITALIAN, 1841-1917)","GBP 50,000 - 70,000",No vendido,https://www.christies.com/img/lotimages/2024/CKS/2024_CKS_22681_0036_000(federico_zandomeneghi_profilo_di_donna121211).jpg,pastel on paper laid down on cardboard,15 ¾ x 13 in. (40 x 33 cm.),"Acquired by the family of the present owners, early 20th century.","Enrico Mascioni, Milan.","Angelo Sommaruga, Paris","Acquired directly from the artist by Durand-Ruel Galleries, Paris, no. 5131.",,,,,,
British and European Art,LONDON,4 JUN 2024,LOT 37,https://www.christies.com/en/lot/lot-6486281?ldp_breadcrumb=back,The Answer,"LUDWIG DEUTSCH (AUSTRIAN, 1855-1935)","GBP 400,000 - 600,000","GBP 252,000",https://www.christies.com/img/lotimages/2024/CKS/2024_CKS_22681_0037_000(ludwig_deutsch_the_answer121237).jpg,oil on panel,18 x 11¾ in. (46 x 29.8 cm.),Acquired by the present owner from the above via a private treaty sale in 2001.,"Private collection, Europe.","with The Fine Art Society, London, October 1979.","Anonymous sale; Sotheby's Humberts, Taunton, 26 September 1979, lot 554.",,,,,,
British and European Art,LONDON,4 JUN 2024,LOT 38,https://www.christies.com/en/lot/lot-6486283?ldp_breadcrumb=back,The Gun Seller,"GIULIO ROSATI (ITALIAN, 1858-1917)","GBP 7,000 - 10,000","GBP 2,142",https://www.christies.com/img/lotimages/2024/CKS/2024_CKS_22681_0038_000(giulio_rosati_the_gun_seller121257).jpg,pencil and watercolour heightened with white on Pall Mall paper,14 5/8 x 20 7/8 in. (37.3 x 53.1 cm.),"Acquired by the grandfather of the present owners, and by descent.",,,,,,,,,
British and European Art,LONDON,4 JUN 2024,LOT 39,https://www.christies.com/en/lot/lot-6486284?ldp_breadcrumb=back,The Market Square,"GIULIO ROSATI (ITALIAN, 1858-1917)","GBP 7,000 - 10,000","GBP 1,386",https://www.christies.com/img/lotimages/2024/CKS/2024_CKS_22681_0039_000(giulio_rosati_the_market_square121319).jpg,"pencil and watercolour, heightened with white on R.W.S. paper",14 ¾ x 20 7/8 in. (37.4 x 53 cm.),"Acquired by the grandfather of the present owners, and by descent.",,,,,,,,,
British and European Art,LONDON,4 JUN 2024,LOT 40,https://www.christies.com/en/lot/lot-6486285?ldp_breadcrumb=back,The Morning Prayer,"CARL HAAG, R.W.S. (GERMAN, 1820-1915)","GBP 7,000 - 10,000","GBP 6,930",https://www.christies.com/img/lotimages/2024/CKS/2024_CKS_22681_0040_000(carl_haag_rws_the_morning_prayer121341).jpg,"pencil, watercolour and bodycolour on paper",9 7/8 x 14 in. (22.5 x 35.6 cm.),"Anonymous sale; Christie's, London, 15 March 1996, lot 113, when acquired by the present owner.",,,,,,,,,
British and European Art,LONDON,4 JUN 2024,LOT 41,https://www.christies.com/en/lot/lot-6486297?ldp_breadcrumb=back,On the outskirts of Cairo,"CARL FREDERICH HEINRICH WERNER (GERMAN, 1808-1894)","GBP 8,000 - 12,000","GBP 1,638",https://www.christies.com/img/lotimages/2024/CKS/2024_CKS_22681_0041_000(carl_frederich_heinrich_werner_on_the_outskirts_of_cairo121404).jpg,pen and brown ink and watercolour on paper,18 ¾ x 25 3/8 in. (47.6 x 64.3 cm.),"Anonymous sale; Christie's, London, 15 March 1996, lot 132.","Anonymous sale; Christie's, London, 2 October 1992, lot 94.",,,,,,,,
British and European Art,LONDON,4 JUN 2024,LOT 42,https://www.christies.com/en/lot/lot-6486299?ldp_breadcrumb=back,Sheikh el Belled: Kom Ombo,"JOHN FREDERICK LEWIS, R.A., P.R.W.S. (BRITISH, 1805-1876)","GBP 3,000 - 5,000","GBP 6,300",https://www.christies.com/img/lotimages/2024/CKS/2024_CKS_22681_0042_000(john_frederick_lewis_sheikh_el_belled_kom_ombo121427).jpg,pencil and watercolour heightened with white on buff paper,15 ¼ x 21 5/8 in. (38.6 x 54.9 cm.),"Anonymous sale; Christie's, London, 28 November 2000, lot 183.","with The Fine Art Society, London.","with Agnew's, London.","The Artist's sale; Christie's, London, 4 May 1877, lot 132.",,,,,,
British and European Art,LONDON,4 JUN 2024,LOT 43,https://www.christies.com/en/lot/lot-6486300?ldp_breadcrumb=back,"Portrait of Louisa Madeleine Keith-Falconer, née Hawkins (1828-1916), Countess of Kintore, full-length, in a white dress","SIR FRANCIS GRANT, P.R.A. (BRITISH, 1803-1878)","GBP 12,000 - 18,000","GBP 32,760",https://www.christies.com/img/lotimages/2024/CKS/2024_CKS_22681_0043_000(sir_francis_grant_pra_portrait_of_louisa_madeleine_keith-falconer_nee121443).jpg,oil on canvas,90 ½ x 52 1/8 in. (230 x 132.5 cm.),"The 14th Earl of Kintore; Christie's, Edinburgh, 23 October 2008, lot 22, when acquired by the present owner.","Francis Alexander Keith-Falconer, 8th Earl of Kintore (1828-1880), and by descent to","Commissioned from the artist, and sold for £315 (as listed in the artist's sitters book) to",,,,,,,
British and European Art,LONDON,4 JUN 2024,LOT 44,https://www.christies.com/en/lot/lot-6486301?ldp_breadcrumb=back,Spring (or 'In the bluebell wood'),"GEORGE HENRY, R.A., R.S.A., R.S.W. (BRITISH, 1858-1943)","GBP 80,000 - 120,000",No vendido,https://www.christies.com/img/lotimages/2024/CKS/2024_CKS_22681_0044_000(george_henry_ra_rsa_rsw_spring121457).jpg,oil on canvas,57 7/8 x 24 in. (147.1 x 61 cm.),"Anonymous sale; Sotheby's, London, 26 April 2007, lot 26, as 'In the bluebell wood', when acquired by the present owner.","Private Collection, UK.","Anonymous sale; Christies, Edinburgh, 28 October 1999, lot 151, as 'In the bluebell wood'.","Llangoed Hall, Powys.","Anonymous sale; Sotheby's, Gleneagles, 30 August 1988, lot 1019, as 'In the bluebell wood'.",,,,,
British and European Art,LONDON,4 JUN 2024,LOT 45,https://www.christies.com/en/lot/lot-6486303?ldp_breadcrumb=back,Girls among the blossom,"EDWARD ATKINSON HORNEL (BRITISH, 1864-1933)","GBP 10,000 - 15,000",No vendido,https://www.christies.com/img/lotimages/2024/CKS/2024_CKS_22681_0045_000(edward_atkinson_hornel_girls_among_the_blossom121512).jpg,oil on canvas,20 x 24 in. (50.8 x 61 cm.),"Anonymous sale; Sworders, Stansted Mountfitchet, 4 April 2023, lot 279, when acquired by the present owner.","with Duncan R. Miller Fine Arts, London.","Anonymous sale; Christie's, South Kensington, 16 April 2008, lot 86.","Private Collection, and by descent, until","Collection of W. Wright Allan Esq., by whom gifted to",,,,,
British and European Art,LONDON,4 JUN 2024,LOT 46,https://www.christies.com/en/lot/lot-6486790?ldp_breadcrumb=back,The Water Carrier,"JOSEPH CRAWHALL, R.S.W. (BRITISH, 1861-1913)","GBP 5,000 - 8,000","GBP 7,560",https://www.christies.com/img/lotimages/2024/CKS/2024_CKS_22681_0046_000(joseph_crawhall_rsw_the_water_carrier121534).jpg,watercolour and bodycolour on paper,12 ¼ x 16 ¼ in. (31.1 x 41.2 cm.),"R. Wemyss Honeyman (by 1935); Christie's, Glasgow, 4 June 1971, lot 14, when acquired by the present owner.","with Aitken Dott, Edinburgh.","W.A. Coates, Paisley; Christie's, London, 12 April 1935, lot 21, when acquired by Aitken Dott.",,,,,,,
British and European Art,LONDON,4 JUN 2024,LOT 47,https://www.christies.com/en/lot/lot-6486313?ldp_breadcrumb=back,"Portrait of Lucien Simon (1861-1945), three-quarter-length","DAME LAURA KNIGHT, R.A., R.W.S. (BRITISH, 1877-1970)","GBP 1,500 - 2,500","GBP 1,260",https://www.christies.com/img/lotimages/2024/CKS/2024_CKS_22681_0047_000(dame_laura_knight_ra_rws_portrait_of_lucien_simon_three-quarter-length121552).jpg,charcoal on paper,12 ¼ x 9 ¾ in. (31 x 25 cm.),"Homer Saint-Gaudens, Pittsburgh.",,,,,,,,,
British and European Art,LONDON,4 JUN 2024,LOT 48,https://www.christies.com/en/lot/lot-6486314?ldp_breadcrumb=back,Lady in a blue dress,"DAME LAURA KNIGHT, R.A., R.W.S. (BRITISH, 1877-1970)","GBP 6,000 - 8,000","GBP 13,860",https://www.christies.com/img/lotimages/2024/CKS/2024_CKS_22681_0048_000(dame_laura_knight_ra_rws_lady_in_a_blue_dress121610).jpg,oil on canvas,14 x 10 in. (35.6 x 25.4 cm.),"Anonymous sale; Christie's, London, 15 December 2011, lot 39, when acquired by the father of the present owner.","David Fuller, London, by 1965.",,,,,,,,
British and European Art,LONDON,4 JUN 2024,LOT 49,https://www.christies.com/en/lot/lot-6486791?ldp_breadcrumb=back,Going to School,"DAME LAURA KNIGHT, R.A., R.W.S. (BRITISH, 1877-1970)","GBP 12,000 - 18,000",No vendido,https://www.christies.com/img/lotimages/2024/CKS/2024_CKS_22681_0049_000(dame_laura_knight_ra_rws_going_to_school121628).jpg,oil on canvas,16 x 20 in. (40.5 x 50.8 cm.),"Anonymous sale; Mellors & Kirk, Nottingham, 10 June 2015, lot 1094, when acquired by the present owner.","Mrs H.C. Crossland, Nottingham.","Given by the artist to Mr Harold Browne, c.1905, and by descent to",,,,,,,
British and European Art,LONDON,4 JUN 2024,LOT 50,https://www.christies.com/en/lot/lot-6486319?ldp_breadcrumb=back,The Plough,"SIR GEORGE CLAUSEN, R.A., R.W.S. (BRITISH, 1852-1944)","GBP 6,000 - 10,000","GBP 6,300",https://www.christies.com/img/lotimages/2024/CKS/2024_CKS_22681_0050_000(sir_george_clausen_ra_rws_the_plough121647).jpg,"pencil and watercolour, heightened with touches of bodycolour and with scratching out on paper laid down on board",13 x 22 in. (33 x 55.5 cm.),"with William Rivett, Gainsborough Gallery, London.",Private Collection.,"with The Goupil Gallery, London, by 1894.",,,,,,,
British and European Art,LONDON,4 JUN 2024,LOT 51,https://www.christies.com/en/lot/lot-6486322?ldp_breadcrumb=back,Burning Weeds,"PETER WALKER NICHOLSON (BRITISH, 1856-1885)","GBP 5,000 - 8,000",No vendido,https://www.christies.com/img/lotimages/2024/CKS/2024_CKS_22681_0051_000(peter_walker_nicholson_burning_weeds121702).jpg,"pencil, watercolour and bodycolour with scratching out on paper",24 ¾ x 40 ¾ in. (62.9 x 103.5 cm.),"Anonymous sale; Christie's, Edinburgh, 30 October 2003, lot 62, where acquired by the present owner.","Charles Matthews, by 1908.",,,,,,,,
British and European Art,LONDON,4 JUN 2024,LOT 52,https://www.christies.com/en/lot/lot-6486323?ldp_breadcrumb=back,"Sunny April Morning, Betws-y-Coed, North Wales","JAMES THOMAS WATTS (BRITISH, 1853-1930)","GBP 2,000 - 3,000","GBP 5,040",https://www.christies.com/img/lotimages/2024/CKS/2024_CKS_22681_0052_000(james_thomas_watts_sunny_april_morning_betws-y-coed_north_wales121718).jpg,"pencil and watercolour, heightened with touches of bodycolour and with scratching out on paper",10 ½ x 13 7/8 in. (26.8 x 35.4 cm.),,,,,,,,,,
British and European Art,LONDON,4 JUN 2024,LOT 53,https://www.christies.com/en/lot/lot-6486325?ldp_breadcrumb=back,An October Afterglow,"JOHN ATKINSON GRIMSHAW (BRITISH, 1836-1893)","GBP 150,000 - 250,000","GBP 176,400",https://www.christies.com/img/lotimages/2024/CKS/2024_CKS_22681_0053_000(john_atkinson_grimshaw_an_october_afterglow121737).jpg,oil on canvas,24 x 36 in. (61 x 91.5 cm.),"Anonymous sale; Christie's, London, 8 November 1996, lot 95, when acquired by the present owner.",,,,,,,,,
British and European Art,LONDON,4 JUN 2024,LOT 54,https://www.christies.com/en/lot/lot-6486327?ldp_breadcrumb=back,London Bridge,"JOHN ATKINSON GRIMSHAW (BRITISH, 1836-1893)","GBP 60,000 - 80,000","GBP 88,200",https://www.christies.com/img/lotimages/2024/CKS/2024_CKS_22681_0054_000(john_atkinson_grimshaw_london_bridge121755).jpg,oil on canvas,19 7/8 x 30 in. (50.6 x 76.1 cm.),"Anonymous sale; Sotheby’s, London, 27 March 1996, lot 115, probably when acquired by the present owner.",,,,,,,,,
British and European Art,LONDON,4 JUN 2024,LOT 55,https://www.christies.com/en/lot/lot-6486329?ldp_breadcrumb=back,"Evening, St Hilda's Abbey, Whitby, Yorkshire","ALBERT GOODWIN, R.W.S. (BRITISH, 1845-1932)","GBP 7,000 - 10,000",No vendido,https://www.christies.com/img/lotimages/2024/CKS/2024_CKS_22681_0055_000(albert_goodwin_rws_evening_st_hildas_abbey_whitby_yorkshire121811).jpg,"pencil, pen and grey ink and watercolour and with scratching out on paper",24 ½ x 34 3/8 in. (62 x 97.5 cm.),"with Laurence Oxley, Hants, where acquired by the present owner.","Jack Chinery Briggs, Yorkshire.","Hammond Smith, Leicester.","Anonymous sale; Christie's, London, 14 March 1997, lot 27, where acquired by",,,,,,
British and European Art,LONDON,4 JUN 2024,LOT 56,https://www.christies.com/en/lot/lot-6486331?ldp_breadcrumb=back,The seine fishers,"CHARLES NAPIER HEMY, R.A., R.W.S. (BRITISH, 1841-1917)","GBP 10,000 - 15,000","GBP 3,780",https://www.christies.com/img/lotimages/2024/CKS/2024_CKS_22681_0056_000(charles_napier_hemy_ra_rws_the_seine_fishers121828).jpg,oil on canvas,24 ½ x 36 3/8 in. (62.1 x 92.5 cm.),"Private Collection, UK, since 1978.",,,,,,,,,
British and European Art,LONDON,4 JUN 2024,LOT 57,https://www.christies.com/en/lot/lot-6486333?ldp_breadcrumb=back,Am Quell (At the Source),"ARNOLD BÖCKLIN (SWISS, 1827-1901)","GBP 100,000 - 150,000",No vendido,https://www.christies.com/img/lotimages/2024/CKS/2024_CKS_22681_0057_000(arnold_bocklin_am_quell121844).jpg,oil on paper laid down on canvas,20 ¾ x 30 ¾ in. (53 x 78 cm.),"Acquired from the above by the present owner, 16 October 1987.","Jutta Anheuser, Bad Kruznach.","Frau Stella Reisinger, New York, 1916.","Her sale; American Art Association, New York, 13 January 1916, no. 144.","Kunsthandlung Hermes & Co., Frankfurt (Main),1907, where acquired by Frau Stella Reisinger, New York, 1914.","Hugo Reisinger, New York, 1909.","Freiherr Maximilian von Heyl, Darmstadt, 1898.","Von Heyl, Worms, 1887.",,
British and European Art,LONDON,4 JUN 2024,LOT 58,https://www.christies.com/en/lot/lot-6486334?ldp_breadcrumb=back,Nemi. Le Pêcheur décrevisses,"JEAN-BAPTISTE-CAMILLE COROT (FRENCH, 1796-1875)","GBP 50,000 - 80,000","GBP 50,400",https://www.christies.com/img/lotimages/2024/CKS/2024_CKS_22681_0058_000(jean-baptiste-camille_corot_nemi_le_pecheur_d8217ecrevisses121906).jpg,oil on canvas,17 x 16 ¼ in. (43.3 x 41.2 cm.),"Derek Jackson, Lausanne, before 1957, and by descent to the owners.","with Georges Petit, Paris.","with Goupil and Cie, Paris, by 1880.","Paul Détrimont, Paris.","The artist's studio sale: Hôtel Drouot, Paris, 26 May 1875, lot 99, where acquired by",,,,,
British and European Art,LONDON,4 JUN 2024,LOT 59,https://www.christies.com/en/lot/lot-6486335?ldp_breadcrumb=back,Jeune femme étendue sur lherbe,"JEAN-BAPTISTE-CAMILLE COROT (FRENCH, 1796-1875)","GBP 120,000 - 180,000",No vendido,https://www.christies.com/img/lotimages/2024/CKS/2024_CKS_22681_0059_000(jean-baptiste-camille_corot_jeune_femme_etendue_sur_l8217herbe121928).jpg,oil on canvas,11 x 16 ¼ in. (28 x 41 cm.),"Max G. Bollag, Zurich; Christie's, London, 20 June 2018, lot 11 B, when acquired by the present owner.","G. & L. Bollag, Salon Bollag, Zurich, no. 5799, by March 1925, and by descent to","Galerie Durand-Ruel, Paris, by June 1903.","with Durand-Ruel Gallery, New York.","Mrs P.C. Hanford; American Art Association, New York, 30 January 1902, lot 26.","Charles Sedelmeyer, Paris, by 1890.",,,,
British and European Art,LONDON,4 JUN 2024,LOT 60,https://www.christies.com/en/lot/lot-6486336?ldp_breadcrumb=back,Les buveurs de bière,"HONORÉ DAUMIER (FRENCH, 1808-1879)","GBP 150,000 - 200,000","GBP 201,600",https://www.christies.com/img/lotimages/2024/CKS/2024_CKS_22681_0060_000(honore_daumier_les_buveurs_de_biere121945).jpg,oil on panel,10 ¼ x 12 1/8 in. (26 x 30.7 cm.),"At one time handled by the late dealer Sam Salz, New York, New York.","Dr Fritz Nathan, Zollikon, Zurich, Switzerland, and by descent to the present owner.","Mme. Albert Esnault-Pelterie, Paris, France.",Toulouse-Lautrec (?).,M. Ch. Salomon.,,,,,
British and European Art,LONDON,4 JUN 2024,LOT 61,https://www.christies.com/en/lot/lot-6486343?ldp_breadcrumb=back,Le Ruisseau de Puits Noir,"GUSTAVE COURBET (FRENCH, 18191877)","GBP 70,000 - 100,000","GBP 81,900",https://www.christies.com/img/lotimages/2024/CKS/2024_CKS_22681_0061_000(gustave_courbet_le_ruisseau_de_puits_noir122006).jpg,oil on canvas,26 x 32 ¼ in. (66 x 81.9 cm.),"Madame Ghislaine Head, and by descent to the present owners.","Madame Sterne, and by inheritance to her niece,","(Probably) Acquired circa 1930 by Edouard Sterne, Brussels, and by inheritance to his wife,",,,,,,,
British and European Art,LONDON,4 JUN 2024,LOT 62,https://www.christies.com/en/lot/lot-6486348?ldp_breadcrumb=back,Nature morte au bouquet de fleurs,"JEAN-BAPTISTE-CAMILLE COROT (FRENCH, 1796-1875)","GBP 12,000 - 18,000","GBP 32,760",https://www.christies.com/img/lotimages/2024/CKS/2024_CKS_22681_0062_000(jean-baptiste-camille_corot_nature_morte_au_bouquet_de_fleurs122033).jpg,oil on canvas,35 7/8 x 28 ¾ in. (91.2 x 73 cm.),"Derek Jackson, Lausanne, and by descent to the present owners.","Private collection, Paris, in 1975.",Louis Aubrey.,"The artist, by whom given to Elisa Robaut, (wife of Alfred Robaut).",,,,,,
British and European Art,LONDON,4 JUN 2024,LOT 63,https://www.christies.com/en/lot/lot-6486350?ldp_breadcrumb=back,"Torbole, near Lake Garda","PEDER MØRK MØNSTED (DANISH, 1859-1941)","GBP 30,000 - 50,000","GBP 8,820",https://www.christies.com/img/lotimages/2024/CKS/2024_CKS_22681_0063_000(peder_m%C3%B8rk_m%C3%B8nsted_torbole_near_lake_garda122051).jpg,oil on canvas,31 1/8 x 48 in. (79 x 122 cm.),"Anonymous sale; Sotheby's, London, 27 March 1990, lot 149, when acquired by the present owner.","Anonymous sale; Christie's, London, 20 March 1998, lot 9,",,,,,,,,
British and European Art,LONDON,4 JUN 2024,LOT 64,https://www.christies.com/en/lot/lot-6486353?ldp_breadcrumb=back,"The Royal Palace and the Nieuwe Kerk on the Dam, Amsterdam","CORNELIS SPRINGER (DUTCH, 1817-1891)","GBP 50,000 - 70,000",No vendido,https://www.christies.com/img/lotimages/2024/CKS/2024_CKS_22681_0064_000(cornelis_springer_the_royal_palace_and_the_nieuwe_kerk_on_the_dam_amst122108).jpg,oil on panel,12 ¼ x 17 3/8 in. (31 x 44 cm.),"with Haboldt & Co Inc. New York, where purchased by the present owner circa 1985.","Private collection, Rotterdam.","Collection B. de Geus van den Heuvel, Nieuwersluis; Sotheby Mak van Waay, Amsterdam, 26 April 1976, lot 184.",with B. van Heuvel by September 1940.,"Anonymous sale; Mak van Waay, Amsterdam, 16 November 1937, lot 13.","Collection P. Schmidt van Gelder, Amsterdam.","Acquired directly from the artist by F. Buffa, Amsterdam, 7 February 1855 (Dfl. 150-)",,,
British and European Art,LONDON,4 JUN 2024,LOT 65,https://www.christies.com/en/lot/lot-6486354?ldp_breadcrumb=back,"Un canal interieur a Dordrecht, Claire de Lune.","JOHAN BARTHOLD JONGKIND (DUTCH, 1819-1891)","GBP 12,000 - 18,000","GBP 12,600",https://www.christies.com/img/lotimages/2024/CKS/2024_CKS_22681_0065_000(johan_barthold_jongkind_un_canal_interieur_a_dordrecht_claire_de_lune122126).jpg,oil on canvas,21 5/8 x 18 ¼ in. (55 x 46.5 cm.),"with Barr and Ochsner, Zurich, where acquired by the father of the present owner.","Anonymous sale; Germann Auktionshaus, Munich, 24 October 1979, lot 26.","with Gallery Urban, Paris, 1974.","Anonymous sale; Christie’s, London, 3 July 1970, lot 274.","Anonymous sale; George V, Paris, 10 June 1969, lot 68.",,,,,
British and European Art,LONDON,4 JUN 2024,LOT 66,https://www.christies.com/en/lot/lot-6486355?ldp_breadcrumb=back,"The Hoist, Pin Mill Hard","EDWARD SEAGO, R.W.S., R.B.A. (BRITISH, 1910-1974)","GBP 15,000 - 25,000","GBP 41,580",https://www.christies.com/img/LotImages/Alert/NoImage/non_NoImag.jpg,oil on board,16 1/8 x 24 1/8 in. (39.8 x 61.1 cm.),"with P. & D. Colgnahi & Co., London.",,,,,,,,,
British and European Art,LONDON,4 JUN 2024,LOT 67,https://www.christies.com/en/lot/lot-6486357?ldp_breadcrumb=back,The Seine near Pont de L'Arche,"EDWARD SEAGO, R.W.S., R.B.A. (BRITISH, 1910-1974)","GBP 10,000 - 15,000","GBP 15,120",https://www.christies.com/img/lotimages/2024/CKS/2024_CKS_22681_0067_000(edward_seago_rws_rba_the_seine_near_pont_de_larche122204).jpg,oil on board,18 ¼ x 24 in. (46 x 61 cm.),"Anonymous sale; Sotheby's, London, 4 March 1998, lot 129, when acquired by the present owner.","with Richard Green, London.","with P. & D. Colnaghi & Co., London.",,,,,,,
British and European Art,LONDON,4 JUN 2024,LOT 68,https://www.christies.com/en/lot/lot-6486793?ldp_breadcrumb=back,"A Corner Berth at the Fair, Norfolk","SIR ALFRED JAMES MUNNINGS, P.R.A., R.W.S. (BRITISH, 1878-1959)","GBP 30,000 - 50,000",No vendido,https://www.christies.com/img/lotimages/2024/CKS/2024_CKS_22681_0068_000(sir_alfred_james_munnings_pra_rws_a_corner_berth_at_the_fair_norfolk122229).jpg,"pencil and watercolour, heightened with touches of bodycolour and with scratching out on artist's board",10 5/8 x 15 in. (27 x 38 cm.),"Private Collection, UK.","with Aitken & Dott, Edinburgh.",,,,,,,,
British and European Art,LONDON,4 JUN 2024,LOT 69,https://www.christies.com/en/lot/lot-6486362?ldp_breadcrumb=back,Sefton winning the Derby,"SAMUEL HENRY ALKEN (BRITISH, 1810-1894)","GBP 10,000 - 15,000","GBP 18,900",https://www.christies.com/img/LotImages/Alert/NoImage/non_NoImag.jpg,oil on canvas,18 1/8 x 29 ¾ in. (46 x 75.5 cm.),,,,,,,,,,
British and European Art,LONDON,4 JUN 2024,LOT 70,https://www.christies.com/en/lot/lot-6486363?ldp_breadcrumb=back,Two pointers on the scent,"THOMAS BLINKS (BRITISH, 1853-1912)","GBP 15,000 - 25,000","GBP 18,900",https://www.christies.com/img/LotImages/Alert/NoImage/non_NoImag.jpg,oil on canvas,17 x 24 in. (43.2 x 61 cm.),"Commissioned from the artist by Sir John Readhead, Westoe Hall, Northumberland, and by descent to the present owner.",,,,,,,,,
British and European Art,LONDON,4 JUN 2024,LOT 71,https://www.christies.com/en/lot/lot-6486379?ldp_breadcrumb=back,Two English setters in a moorland landscape,"THOMAS BLINKS (BRITISH, 1853-1912)","GBP 15,000 - 25,000","GBP 21,420",https://www.christies.com/img/LotImages/Alert/NoImage/non_NoImag.jpg,oil on canvas,17 x 24 in. (43.2 x 61 cm.),"Commissioned from the artist by Sir John Readhead, Westoe Hall, Northumberland, and by descent to the present owner.",,,,,,,,,
British and European Art,LONDON,4 JUN 2024,LOT 72,https://www.christies.com/en/lot/lot-6486380?ldp_breadcrumb=back,Foxhounds and Terriers in a Kennel,"JOHN EMMS (BRITISH, 1841-1912)","GBP 30,000 - 50,000","GBP 52,920",https://www.christies.com/img/LotImages/Alert/NoImage/non_NoImag.jpg,oil on canvas,30 1/8 x 24 in. (76.5 x 61 cm.),,,,,,,,,,
British and European Art,LONDON,4 JUN 2024,LOT 73,https://www.christies.com/en/lot/lot-6486381?ldp_breadcrumb=back,Hunting pack coming on,"THOMAS BLINKS (BRITISH, 1853-1912)","GBP 8,000 - 12,000","GBP 1,764",https://www.christies.com/img/lotimages/2024/CKS/2024_CKS_22681_0073_000(thomas_blinks_hunting_pack_coming_on122401).jpg,oil on panel,10 1/8 x 8 in. (25.8 x 20.3 cm.),"Anonymous sale; Doyle, New York, 12 February 2020, lot 17, when acquired by the present owner.",Estate of Laura M. Mako.,"with Arthur Ackermann & Son, London.",,,,,,,
British and European Art,LONDON,4 JUN 2024,LOT 74,https://www.christies.com/en/lot/lot-6486382?ldp_breadcrumb=back,The Gaberlunzie Man,"JOHN BYAM LISTON SHAW (BRITISH, 1873-1919)","GBP 2,000 - 3,000",No vendido,https://www.christies.com/img/lotimages/2024/CKS/2024_CKS_22681_0074_000(john_byam_liston_shaw_the_gaberlunzie_man122420).jpg,"pencil, watercolour and bodycolour with gum arabic on card",13 ¾ x 9 ¾ in. (35 x 25 cm.),"Anonymous sale; Christie's, London, 16 February 1925, lot 89 (8 gns to Sutton).","with Dowdeswell & Dowdeswells, London, by 1908.",,,,,,,,
British and European Art,LONDON,4 JUN 2024,LOT 75,https://www.christies.com/en/lot/lot-6486383?ldp_breadcrumb=back,Frozen out- Fishers: Kingfisher and Heron in a winter landscape,"ARCHIBALD THORBURN (BRITISH, 1860-1935)","GBP 8,000 - 12,000","GBP 15,120",https://www.christies.com/img/lotimages/2024/CKS/2024_CKS_22681_0075_000(archibald_thorburn_frozen_out-_fishers_kingfisher_and_heron_in_a_winte122438).jpg,"pencil, watercolour and bodycolour on paper",14 x 10 ½ in. (35.6 x 26.7 cm.),"Anonymous sale; Christie's, South Kensington, 12 December 2012, lot 26, when acquired by the present owner.",,,,,,,,,
British and European Art,LONDON,4 JUN 2024,LOT 76,https://www.christies.com/en/lot/lot-6486384?ldp_breadcrumb=back,Mediterranean gull and juvenile with sandwich terns on a beach,"ARCHIBALD THORBURN (BRITISH, 1860-1935)","GBP 4,000 - 6,000",No vendido,https://www.christies.com/img/lotimages/2024/CKS/2024_CKS_22681_0076_000(archibald_thorburn_mediterranean_gull_and_juvenile_with_sandwich_terns122456).jpg,"pencil, watercolour and bodycolour with gum arabic on paper",8 1/8 x 11 in. (20.6 x 27.9 cm.),"Anonymous sale; Christie's, London, 12 December 2012, lot 32, when acquired by the present owner.",,,,,,,,,
British and European Art,LONDON,4 JUN 2024,LOT 77,https://www.christies.com/en/lot/lot-6486385?ldp_breadcrumb=back,Long-tailed ducks,"ARCHIBALD THORBURN (BRITISH, 1860-1935)","GBP 7,000 - 10,000",No vendido,https://www.christies.com/img/lotimages/2024/CKS/2024_CKS_22681_0077_000(archibald_thorburn_long-tailed_ducks122513).jpg,"pencil, watercolour and bodycolour on paper",21 ½ x 29 ½ in. (54.6 x 74.9 cm.),"Anonymous sale; Christie's, South Kensington, 12 December 2012, lot 30, when acquired by the present owner.",,,,,,,,,
British and European Art,LONDON,4 JUN 2024,LOT 78,https://www.christies.com/en/lot/lot-6486386?ldp_breadcrumb=back,Blackgame in flight,"ARCHIBALD THORBURN (BRITISH, 1860-1935)","GBP 8,000 - 12,000","GBP 7,560",https://www.christies.com/img/lotimages/2024/CKS/2024_CKS_22681_0078_000(archibald_thorburn_blackgame_in_flight122530).jpg,"pencil, watercolour and bodycolour with gum arabic on paper",22 x 20 ¾ in. (56 x 52.8 cm.),"Acquired by 1928, and by descent in the family to the present owner.",,,,,,,,,
British and European Art,LONDON,4 JUN 2024,LOT 79,https://www.christies.com/en/lot/lot-6486388?ldp_breadcrumb=back,A cock pheasant in flight,"ARCHIBALD THORBURN (BRITISH, 1860-1935)","GBP 8,000 - 12,000","GBP 13,860",https://www.christies.com/img/lotimages/2024/CKS/2024_CKS_22681_0079_000(archibald_thorburn_a_cock_pheasant_in_flight122550).jpg,"pencil, watercolour and bodycolour with gum arabic on paper",22 1/8 x 20 ¾ in. (56.2 x 52.8 cm.),"Acquired by 1928, and by descent in the family to the present owner.",,,,,,,,,
British and European Art,LONDON,4 JUN 2024,LOT 80,https://www.christies.com/en/lot/lot-6486390?ldp_breadcrumb=back,A Top Shot,"ARCHIBALD THORBURN (BRITISH, 1860-1935)","GBP 3,000 - 5,000","GBP 3,780",https://www.christies.com/img/lotimages/2024/CKS/2024_CKS_22681_0080_000(archibald_thorburn_a_top_shot122610).jpg,"pencil, watercolour and bodycolour with gum arabic on buff coloured paper",9 x 13 in (22.8 x 33 cm.),"Anonymous sale; Christie's, South Kensington, 12 December 2012, lot 24, when acquired by the present owner.","with The Moorland Gallery, London.",,,,,,,,
British and European Art,LONDON,4 JUN 2024,LOT 81,https://www.christies.com/en/lot/lot-6486399?ldp_breadcrumb=back,Ridgeway's Petrel,"ARCHIBALD THORBURN (BRITISH, 1860-1935)","GBP 2,000 - 3,000",No vendido,https://www.christies.com/img/lotimages/2024/CKS/2024_CKS_22681_0081_000(archibald_thorburn_ridgeways_petrel122627).jpg,"pencil, watercolour and bodycolour with gum arabic on paper",6 ½ x 9 ½ in. (16.5 x 24.2 cm.),"Anonymous sale; Christie's, South Kensington, 12 December 2012, lot 25, when acquired by the present owner.","Anonymous sale; John Nicholson, Surrey, 19 February, 1997, lot 120.",,,,,,,,
British and European Art,LONDON,4 JUN 2024,LOT 82,https://www.christies.com/en/lot/lot-6486400?ldp_breadcrumb=back,"Great Bustards, Otis tarda","ARCHIBALD THORBURN (BRITISH, 1860-1935)","GBP 2,500 - 3,500","GBP 6,048",https://www.christies.com/img/lotimages/2024/CKS/2024_CKS_22681_0082_000(archibald_thorburn_great_bustards_otis_tarda122644).jpg,"pencil, watercolour and bodycolour with gum arabic on paper",7 x 9 ¼ in. (17.8 x 23.5 cm.),"Anonymous sale; Christie's, South Kensington, 12 December 2012, lot 27, when acquired by the present owner.","with Spink, London.",,,,,,,,
British and European Art,LONDON,4 JUN 2024,LOT 83,https://www.christies.com/en/lot/lot-6486401?ldp_breadcrumb=back,Yellow-bellied Tit Parus venustulus ; Chinese (Light-vented) Bulbul Ixus sinensis ; and Saxaul Sparrow Passer ammodendri,"HENRY CONSTANTINE RICHTER (BRITISH, 1821-1902)","GBP 4,000 - 6,000","GBP 3,780",https://www.christies.com/img/lotimages/2024/CKS/2024_CKS_22681_0083_000(henry_constantine_richter_yellow-bellied_tit_parus_venustulus_chinese122702).jpg,pencil and watercolour heightened with touches of bodycolour and with gum arabic on paper,21 3/8 x 14 3/8 in. (54.4 x 36.5 cm.)(3),"Anonymous sale; Christie's, London, 15 December 1995, lots 35, 43 and 99, when acquired by the present owner.",,,,,,,,,
British and European Art,LONDON,4 JUN 2024,LOT 84,https://www.christies.com/en/lot/lot-6486402?ldp_breadcrumb=back,Elephant Afternoon,"DAVID SHEPHERD (BRITISH, 1931-2017)","GBP 30,000 - 50,000","GBP 69,300",https://www.christies.com/img/lotimages/2024/CKS/2024_CKS_22681_0084_000(david_shepherd_elephant_afternoon122753).jpg,oil on canvas,26 ¼ x 42 ¼ in. (66.7 x 107.4 cm.),"with The Tryon Gallery, London.",,,,,,,,,
